ID,Language_ID,Headword,Part_Of_Speech,MiddleChinese,OCBS,Example_IDS
1,,鳩,,,,1
2,,洲,,,,2 4230
3,,逑,,,,4 5698
4,,流,,,,6 339 3701 4724 6456
5,,求,,,,8 118 545 1088 1098 1108 2695 4478 5305 6374
6,,得,,,,9 1602 1603 2593 3556 3951
7,,服,,,,10 1068 1674 2352 2366 2829 3057 3065 3075 3076 3112 4068 4976 5315 5352 5815 7002
8,,哉,,,,11 259 265 271 1004 1113 1716 2092 4798 6569 6785 6797
9,,側,,,,12 261 709 1066 1756 3955 4876 5831
10,,采,,,,14 104 2079 2079
11,,友,,,,16 515 3098 3101 3197 3244 3708 4535 5551 5916
12,,芼,,,,18
13,,樂,,,,20 1510 1522 1850 2145 2937 3580 4818 5961 6350
14,,谷,,,,22 2722 3310 3793 6049 6063
15,,萋,,,,23 2071 2071 2881 2881 2896 2896 2899 3956 4403 4403 5677 5677
16,,飛,,,,24 367 384 390 396 2564 3374 6954
17,,木,,,,25 2723 3791 4715
18,,喈,,,,26 657 1443 1443 2882 2882 4224 4224 5678 5678 6293 6293
19,,莫,,,,29 1580 1681 1798 2795 3887 4186 4266 4266 5186 5750 6147
20,,濩,,,,30
21,,綌,,,,31
22,,斁,,,,32 6695 6930 7018 7164
23,,歸,,,,34 183 386 392 398 565 569 660 1140 1146 1152 1433 1584 1585 2318 2436 2528 2566 2609 2645 2650 2794 2802 2810 2885 2901 3007 4104 4294 5625 6215 6295 6467 6956
24,,私,,,,35 922 4298 4406
25,,衣,,,,36 365 917 1427 1431 1574 2154 2159 2164 2316 2416 2427 2530 2608
26,,否,,,,37 513 514 3747 4372 4630 5951
27,,母,,,,38 814 1012 1201 1202 1259 1596 1729 2662 2905 2965 3246 3815 4134 5160 5620 6738 7137
28,,筐,,,,40 2430
29,,行,,,,42 451 497 654 866 982 1307 1380 1429 1691 1931 2115 2116 2168 2431 2545 2626 3085 3252 3606 3914 4054 4088 4150 4556 4556 4930 5012 5039 5102 5565 5847 6219 6611 6806
30,,崔,,,,43 1581 1581 4004
31,,嵬,,,,43 4004
32,,虺,,,,44
33,,隤,,,,44
34,,罍,,,,45 5623
35,,懷,,,,46 447 1139 1145 1151 1260 1268 1276 1586 2547 2693 4000
36,,岡,,,,47 1734 5245 5579 5598 5674
37,,黃,,,,48 1305 1557 2172 2445 4446 4746 4746 4918 4929 6912 6941
38,,觥,,,,49 2502
39,,傷,,,,50 2308 2893 3504 4221 4920
40,,砠,,,,51
41,,瘏,,,,52 2517
42,,痡,,,,53
43,,吁,,,,54
44,,纍,,,,56 2943
45,,綏,,,,58 1582 1582 2945 4494 6762
46,,荒,,,,60 1803 1811 1819 5605 6033 6534 6607
47,,將,,,,62 167 393 1383 1425 2098 2098 2577 2624 3228 3228 3506 4144 4219 4255 4301 4931 5100 5252 5475 5997 6261 6653 6653 6803 7085 7085 7173 7189 7195 7224
48,,縈,,,,64
49,,成,,,,66 171 1659 3181 3484 3745 4806 4809 5109 5282 5327 5357 5507 5959 6167 6199 6486 6591 6716 7157 7179
50,,詵,,,,68 68
51,,振,,,,70 70
52,,薨,,,,72 72 1534 1534 5090
53,,繩,,,,74 74 4786 5918 5918
54,,揖,,,,76 76
55,,蟄,,,,78 78
56,,華,,,,80 321 1375 1387 1552 2327 2668 2817 2865
57,,家,,,,82 238 2329 2716 2796 3341 3710 5085 6792
58,,實,,,,84 1102 2331 2540 2889 4758
59,,室,,,,86 789 1227 1439 1561 1562 1844 1975 2333 2518 2542 2553 3714 4432 5062 5411 6862
60,,蓁,,,,88
61,,人,,,,90 407 475 603 604 605 707 714 801 804 815 1090 1100 1110 1280 1281 1413 1475 1607 1611 1618 1620 1860 1876 1878 2061 2109 2121 2133 2396 2397 3652 3763 3765 3924 3965 3975 3976 4060 4063 4350 4572 4838 4841 5130 5146 5534 5670 5672 6095 6195 6267 6405 6480 6601 6731
62,,罝,,,,91 95 99
63,,丁,,,,92 2720 2720
64,,夫,,,,93 97 101 2481 2670 3624 4939
65,,城,,,,94 844 5790 6198
66,,逵,,,,96
67,,仇,,,,98 2158
68,,林,,,,100 2137 2275 2277 4592 4848 5044 5385 5386 6044 7024
69,,心,,,,102 383 401 469 483 491 518 1455 2642 3314 3931 4560 4842 4850 5048 5220 5949 6022 6298 7008
70,,有,,,,106 1203 2927 2932 3195 4120 4374 4460 4461 5611 5809 6963 7139 7202
71,,掇,,,,108
72,,捋,,,,110
73,,袺,,,,112
74,,襭,,,,114
75,,休,,,,116 1814 1820 1820 2589 3053 3658 3702 5637 5696 5704 6412 6877 7242
76,,息,,,,116 263 1409 1963 2103 2104 2354 4064 4147 4214 4728 5706
77,,思,,,,118 120 122 439 493 609 875 1003 1007 1118 1459 1709 1721 2174 3304 3308 5928 6796 6897 6900
78,,廣,,,,119 127 135
79,,泳,,,,120 128 136
80,,永,,,,121 129 137
81,,方,,,,122 130 138 165 421 1686 2066 2857 2861 3080 4146 4359 4708 4932 5006 5134 5218 5253 5262 5688 5849 5899 6291 6381 6624 6650 6891 7092 7200 7221
82,,楚,,,,124 794 1142 1467 1885 1956 2125 2326 2348 2348 4575 7270
83,,馬,,,,126 457 1290 1291 1295 2279 2567 2649 3189 3626 4660 5064 5681 5896 6205 6754 6760 6908 6916 6924 6932
84,,蔞,,,,132
85,,駒,,,,134 2281 2672 4711
86,,枚,,,,140 2531 5156 7032 7032
87,,飢,,,,142 2214 2374 2837
88,,肄,,,,144 561
89,,棄,,,,146 1733
90,,尾,,,,147 2612 4648
91,,燬,,,,148 149
92,,邇,,,,150 2915
93,,趾,,,,151 2422
94,,子,,,,152 187 194 201 258 264 270 327 512 585 1240 1241 1452 1724 2222 2423 2964 2966 3069 3199 3466 3706 4131 4368 4413 4956 4957 4972 5028 5230 5362 5369 5382 5487 5501 5532 5553 5619 5624 5629 5666 5917 5939 5950 5957 5970 6337 6399 6415 6730 6801 6965 7070 7205 7265
95,,定,,,,154 2806 3480 6384 6472 6898
96,,姓,,,,155 1904 3486
97,,角,,,,157 230 6866
98,,族,,,,158 1697 3321
99,,居,,,,161 1802 1910 1910 1971 2798 2869 3282 3339 3713 4654 6357
100,,御,,,,163 1311 4799 5447
101,,盈,,,,169 504 1517 1527 3177 5958 6863
102,,沚,,,,173 533 2086 3043
103,,事,,,,175 4132 4389 5082 5953 6181 6502
104,,中,,,,177 571 761 768 775 786 2042 5140 6561
105,,宮,,,,179 762 769 776 787 5171 6105
106,,僮,,,,180
107,,公,,,,181 253 287 2458 3073 5165 5299 6593 6668 6725 7065
108,,祁,,,,182 182 2434 2883 2883 4404 7214 7214
109,,還,,,,183 1538 1742
110,,蟲,,,,184 2872 6103
111,,螽,,,,185 2873
112,,忡,,,,188 455 2875
113,,止,,,,189 190 196 197 203 204 824 825 1727 2659 3105 3108 3117 3120 3242 3286 3746 3813 4291 4355 4367 4412 4423 4429 4435 4970 5027 5075 5371 5663 5838 5971 6338 6550 6783 6802 6895 7211
114,,降,,,,191 2877 5142 5523
115,,蕨,,,,193 4125
116,,惙,,,,195
117,,說,,,,198 226 461 971 974 2358 4756 6485
118,,薇,,,,200 2792 2800 2808 4125
119,,悲,,,,202 2317 2435 2529 2610 2647 2838 2898 2900 4226 6519
120,,夷,,,,205 1445 2887 3477 5990 6764 7019
121,,蘋,,,,206
122,,濱,,,,207 4137
123,,藻,,,,208 4643 4647 4651 6976
124,,潦,,,,209
125,,盛,,,,210
126,,筥,,,,211 4656 6851
127,,湘,,,,212
128,,釜,,,,213
129,,奠,,,,214
130,,下,,,,215 267 459 477 1985 2192 2202 2465 2535 2654 4135 4672 5066 5242 5519 6241 6791 6945
131,,尸,,,,216 4293 5770
132,,女,,,,217 1303 1469 1471 1775 1777 1783 1785 1791 1793 3994 4212 4366 4547 5047 5067 6850 7057 7081
133,,伐,,,,219 7261
134,,茇,,,,220
135,,敗,,,,222 3752 5722
136,,憩,,,,223
137,,拜,,,,225
138,,露,,,,227 229 567
139,,夜,,,,228 1579 1969 3676 5841 6696
140,,屋,,,,231 2037 2491 3526 3591
141,,獄,,,,233 234 3787
142,,足,,,,235 2767 4321
143,,牙,,,,236 3280
144,,墉,,,,237 5266
145,,訟,,,,239 240
146,,從,,,,241 1592 1995 3192 3719 4686 7122 7129
147,,皮,,,,242 819 6369
148,,紽,,,,243
149,,蛇,,,,245 3387 3391
150,,革,,,,246 3113 3373 5258
151,,緎,,,,247
152,,食,,,,249 1238 1407 1711 1763 1928 1949 1955 2783 3981 4247 4280 4326 4863 4871 4879 5396 6025
153,,縫,,,,250
154,,總,,,,251 7253
155,,陽,,,,255 1127 1127 1547 2170 2428 2446 2811 2892 3081 5251 5599 5604 5676 6741 7050
156,,遑,,,,257 2894 7290
157,,處,,,,269 303 411 456 576 591 1959 2350 2470 2604 2652 2813 2985 3333 3364 3628 4208 4444 4802 5515 5582 5582 6009 6433
158,,梅,,,,272 276 280 2088 2382 4110
159,,七,,,,273 1938 2376
160,,士,,,,274 278 282 1418 3284 3621 4356 5182 5499 5500 5552 5664 6799 6824 6890 7138 7266
161,,吉,,,,275 1940 4760
162,,三,,,,277
163,,今,,,,279 5437 6523
164,,塈,,,,281 563 5555 5630
165,,謂,,,,283 4824
166,,星,,,,284 289 890 6163
167,,東,,,,285 581 772 807 1045 1993 2526 2538 2550 2562 3153 4049 5350 7066 7118
168,,征,,,,286 291 3178 3781
169,,同,,,,288 583 2455 2487 3003 3151 3168 3190 4436 4583 4684 6462 7121
170,,昴,,,,290
171,,裯,,,,292
172,,猶,,,,293 3141 3360 3732 4233 4834 7021
173,,汜,,,,294
174,,以,,,,296 297 535 579 6821
175,,悔,,,,298 5228 5436 5973
176,,渚,,,,299 2602 3264 5514
177,,與,,,,301 302 577 1987 4210
178,,沱,,,,304 2288 4914
179,,過,,,,306 307 911
180,,歌,,,,308 910 2226 5634 5684 6091
181,,麇,,,,309
182,,包,,,,310
183,,春,,,,311
184,,誘,,,,312
185,,樕,,,,313
186,,鹿,,,,314 6045
187,,束,,,,315 728 3311 4828
188,,玉,,,,316 1695 1696 2036 3278 3312
189,,脫,,,,317
190,,帨,,,,318
191,,吠,,,,319
192,,車,,,,323 666 1374 2819 3935 4943 5679 6332 6375
193,,李,,,,325 1077 1239 2963 5937
194,,緡,,,,329
195,,孫,,,,331 4278
196,,葭,,,,332
197,,豝,,,,333
198,,虞,,,,334 5902 6149 7056
199,,蓬,,,,335 1046 4680 4680
200,,豵,,,,336 2457
201,,舟,,,,338 541 1018 3050
202,,憂,,,,341 629 854 1020 1086 1096 1106 1183 1818 1856 2803 3656 4726 5702 5984 6515
203,,酒,,,,342 1285 1286 1364 2475 2918 2922 2926 3585 4155 4335 4543 4646 4889 4893 4897 5885 6952 6986 6987
204,,遊,,,,343 628 1019 1953 6373 6438
205,,茹,,,,345 3078 6269 6272
206,,據,,,,347
207,,愬,,,,348
208,,怒,,,,349 519 3872 4194 5238 5793 6007 6151 6444
209,,石,,,,350 3268 3277
210,,轉,,,,351
211,,席,,,,352 5446
212,,卷,,,,353 2292
213,,選,,,,355 1665
214,,悄,,,,356 2266
215,,小,,,,357
216,,多,,,,358 2141 2147 2153 2919 2928 3452 3906 5510 5680 5683 7079
217,,少,,,,359
218,,摽,,,,361
219,,微,,,,363 564 568 3601 3602
220,,矣,,,,364 2248 3100 3636 4421 4427 4433
221,,之,,,,366 876 1008 1707 1708 1719 1720 2050 3773 3775 3777 3990 6795 6894 6896
222,,裏,,,,369 3817
223,,已,,,,371 1451 1725 2080 2247 2967 3467 3875 4954 6416
224,,裳,,,,373 980 1060 1426 1570 1672 2096 2165 2447 2601 3395
225,,亡,,,,375 544 2015 2099 4710 5892 6510 6514 6518 6533
226,,絲,,,,376 945 946 2384 2385 2677 5941
227,,治,,,,377
228,,訧,,,,379
229,,風,,,,381 516 2136 3927 6020 6297
230,,羽,,,,385 485 1917 2194 2347 2460 2565 3207 4464 6707
231,,野,,,,387 1289 1957 2280 2461 2533 3209 3262 4174 4938 5045 5581 6909 6917 6925 6933 7055
232,,及,,,,388 394 400 1170 2671 5126 6287
233,,雨,,,,389 517 812 1630 2509 3568 3992 4180 4364
234,,頏,,,,391
235,,泣,,,,395 1168 1169
236,,音,,,,397 481 489 1457 2062 2346 3313 4236 5163 5221 5635 7026
237,,南,,,,399 468 2276 2278 3929 5632 7010
238,,淵,,,,403 805 3136 3136 3273 4124 5144
239,,身,,,,405 2111 2123 2135 3686 3923 6265
240,,土,,,,409 1778 1779 2510 3716 4136 4172 6207 6351 6390 6432 7046
241,,顧,,,,413 1197 1776 2253 2737 4192 6127
242,,冒,,,,415
243,,好,,,,417 1072 1076 1080 1247 1288 1335 1355 1367 1372 1545 1916 1948 1954 3035 3154 3184 3359 3972 3972 4396 5409 6027
244,,報,,,,419 1071 1075 1079 1373 5915
245,,良,,,,423 780 784 3608 4707 4853 5690
246,,忘,,,,425 1385 2991 3254 4223 4826 5542 6782
247,,出,,,,427 3698 4910
248,,卒,,,,429 4040 4906
249,,述,,,,431
250,,暴,,,,432 990 3879
251,,笑,,,,433 992 5756 6981
252,,敖,,,,434 930 1133 1650 2634 3161 4477
253,,悼,,,,435 994 2312
254,,霾,,,,436
255,,來,,,,437 438 495 962 1116 1368 1461 2815 2843 2909 2947 4055 4066 4512 5284 6461
256,,曀,,,,440 441
257,,寐,,,,442 1731 3827 5893
258,,嚏,,,,443
259,,靁,,,,445
260,,鏜,,,,448
261,,兵,,,,449 2167 5897
262,,仲,,,,452
263,,宋,,,,453
264,,闊,,,,460 464
265,,手,,,,462 1317 1353 2017 2040
266,,老,,,,463 1365 3140 3809 6988
267,,活,,,,465 938 938 6828
268,,洵,,,,466
269,,信,,,,467 817 1477 1979 3464 3682 3967
270,,夭,,,,470
271,,勞,,,,471 936 986 1792 2414 3221 3646 4012 4152 4794 4902 5154
272,,薪,,,,473 1136 1473 1873 2557 4058 4061 4839
273,,苦,,,,479 1984 4178
274,,阻,,,,487 7271
275,,臧,,,,499 799 1501 1549 1656 3612 4360 4518 6041 6915 7091
276,,葉,,,,500 1027 7263
277,,涉,,,,501
278,,厲,,,,502 1062 3562 4764 5720 6471
279,,揭,,,,503 941 941 4096 5861
280,,鳴,,,,505 1526 1528 2619 3174 3779 5673 6713
281,,軌,,,,506
282,,牡,,,,507 1544 2020 2740 4336 6727 6950
283,,鴈,,,,508 1361
284,,旦,,,,509 1001 1001 1357 1967 5799
285,,泮,,,,511 998
286,,菲,,,,520
287,,體,,,,521 827 5440
288,,違,,,,522 525 3478 3726 7233
289,,死,,,,523 830 1739
290,,遲,,,,524 2212 2433 2644 2836 2836 2880 2880 4296 7037 7237
291,,畿,,,,527
292,,薺,,,,529
293,,弟,,,,531 615 810 1194 1200 1206 1468 1474 1642 1736 2691 2995 2996 3243 4297 5138 5169 5442
294,,笱,,,,537 3857
295,,後,,,,539 2979 3514 3859 4712 5112 6525 6529 6734
296,,游,,,,543 5636
297,,喪,,,,546 5217 5846 6531
298,,救,,,,547
299,,讎,,,,549 3139 5914
300,,售,,,,551
301,,鞫,,,,552
302,,覆,,,,553 4206
303,,育,,,,554 4028 5373
304,,毒,,,,555 6061
305,,冬,,,,557
306,,窮,,,,559
307,,潰,,,,560
308,,故,,,,566 1351 1912 2797 2799 6145
309,,躬,,,,570 4994 6111 6564
310,,節,,,,573
311,,日,,,,575 788 1050 1230 1559 1842 1973 2891
312,,久,,,,578 3097 4020
313,,戎,,,,580 2703 2879 6424
314,,耳,,,,587 5955 7072 7072
315,,舞,,,,589 593 1297 2753 4548 4587 6947
316,,俁,,,,592
317,,虎,,,,594 1300 2127 2128 4937 6356 6388 6446
318,,組,,,,595 839 1296
319,,籥,,,,596
320,,翟,,,,597 741
321,,爵,,,,599 4586 6015
322,,榛,,,,600 2394 4570
323,,苓,,,,601 1976
324,,淇,,,,607 948 1006
325,,姬,,,,610
326,,謀,,,,611 947 2679 3632 3749 3963 5071 5361 5972
327,,泲,,,,612
328,,禰,,,,613
329,,姊,,,,617
330,,干,,,,618 1747 3354
331,,言,,,,619 906 959 961 1275 1403 1978 1982 1986 1990 1994 1998 2234 3854 3969 4564 5268 5268
332,,舝,,,,620 4531
333,,邁,,,,621 1808 2208 4738 4768 4846 4846 6974
334,,衛,,,,622
335,,害,,,,623 700 4036 4108 5378 5862 6562 7114
336,,泉,,,,624 2399 2403 2407 3853 4057 5248 5577 5600
337,,歎,,,,625 1156 1157 2699 4059 5570
338,,漕,,,,626 852
339,,悠,,,,627 851 3175 3175
340,,門,,,,630 1478 3911 6346
341,,殷,,,,631
342,,貧,,,,632 978
343,,艱,,,,633 1158 3909 5531
344,,適,,,,637 7285
345,,益,,,,638 5779
346,,謫,,,,640
347,,敦,,,,644
348,,遺,,,,645 4002 6117 6119
349,,摧,,,,647 4492 6121
350,,涼,,,,651
351,,雱,,,,652
352,,邪,,,,655 661 667 6938
353,,且,,,,656 662 668 1389 1487 1507 1519 3861 6755
354,,霏,,,,658 2835 2835
355,,狐,,,,663 4941
356,,烏,,,,664
357,,姝,,,,669
358,,隅,,,,670 1880 4868 5867
359,,躕,,,,672
360,,孌,,,,673 1613 1663 2373
361,,管,,,,674 5739
362,,煒,,,,675
363,,美,,,,676 679
364,,荑,,,,677 923
365,,異,,,,678 3353
366,,貽,,,,680
367,,泚,,,,681
368,,瀰,,,,682
369,,鮮,,,,684
370,,洒,,,,685
371,,浼,,,,686
372,,殄,,,,688 5103
373,,離,,,,690 1081 1091 1091 1101 1101 1161 3017
374,,施,,,,692 1234 1234
375,,景,,,,694
376,,養,,,,696
377,,逝,,,,698 1745 1806 2207 4532 5913
378,,河,,,,702 736 3754 7215
379,,儀,,,,704 820 821 2569 3019 3041 3404 4628 5485 5904 5933
380,,它,,,,705
381,,天,,,,706 713 1089 1099 1109 1874 2108 2120 2132 3127 3271 3461 3650 3681 3688 3761 3925 3974 4122 4740 4946 4996 5035 5128 5143 5535 5669 5986 6093 6173 6468 6492 6660 6733
382,,特,,,,711 1761 2105 3351 3552
383,,慝,,,,712 5712 6499
384,,埽,,,,716 1832 2738
385,,道,,,,718 719 1543 2196 3738 3804 4944 5403 6301 6989
386,,醜,,,,720 3143 3187 3600 6990
387,,襄,,,,722 1306 2863 4080 4081
388,,詳,,,,724 725
389,,長,,,,726 1652 2068 3877 4076 5597 5646 7223
390,,讀,,,,730 731
391,,辱,,,,732
392,,珈,,,,734
393,,佗,,,,735 3851
394,,宜,,,,737 1243 1363 4458 4482 5122 5509 7078 7216
395,,何,,,,739 2140 2146 2152 2286 2571 2816 2818 3385 3450 3801 3803 3905 3907 4496 4814 4862 5482 7217
396,,髢,,,,743
397,,揥,,,,745 1677
398,,皙,,,,746
399,,帝,,,,748 4990 5802 5804 7075
400,,展,,,,750
401,,袢,,,,752
402,,顏,,,,754 5921
403,,媛,,,,756
404,,唐,,,,757
405,,鄉,,,,758 3116 7276
406,,姜,,,,760 1378 1384 2218
407,,麥,,,,764 870 1235 1782 2485 7041
408,,北,,,,765 3982 5351
409,,弋,,,,767
410,,葑,,,,771 1992
411,,庸,,,,774 1188 1590 1591 6191 7068
412,,鶉,,,,778 783 1770
413,,奔,,,,778 778 783 783 1226
414,,彊,,,,779 779 782 782
415,,兄,,,,781 1267 1735 3328 5214
416,,君,,,,785
417,,栗,,,,790 1438 1838 2005 5410 6859 6859
418,,漆,,,,791 1837 2004 5059
419,,瑟,,,,792 1840 2007
420,,虛,,,,793
421,,堂,,,,795 1424 1556 1797 1805 1813 2094 2306 2501
422,,京,,,,796 2402 3508 3508 4380 4980 5010 5037 5243 5303 5355 5580
423,,桑,,,,797 1265 1687 1932 2010 2113 2432 2439 2442 2956 3323
424,,零,,,,800
425,,田,,,,803 1279 1605 1609 3103 3115 4314 4347 4836 6193 6406 6478
426,,千,,,,806 3106 3118 3130 4348
427,,蝀,,,,807
428,,指,,,,808
429,,隮,,,,811 2372
430,,西,,,,811
431,,姻,,,,816
432,,命,,,,818 1859 4676 5536 5671 6302 6407 6408 6899
433,,為,,,,822 1174 1244 2287 4158 5513 5909
434,,齒,,,,823 7141
435,,俟,,,,826 3196 3196
436,,禮,,,,828 829 6703 6838
437,,旄,,,,831 2851 3160
438,,郊,,,,832 931 1794 1795 2849
439,,紕,,,,833
440,,四,,,,834
441,,畀,,,,836
442,,旟,,,,837 3433 3437 4772 6376
443,,都,,,,838 1379 1388 3709
444,,五,,,,840
445,,予,,,,842 2254 2513 3572 3996 4100 4658 4659 4661 4674 6131
446,,旌,,,,843 3175
447,,祝,,,,845 5824
448,,六,,,,846 1941
449,,告,,,,848 915 1597 4290 5481 5879
450,,驅,,,,849 1044 1826 2030 2674 5796
451,,侯,,,,850 1337
452,,反,,,,856 1002 1667 4604 4604 4696 5732 6656 6656 6658
453,,遠,,,,858 1437 2595 2747 2908 4698 4699 4829 5738 5741 5976
454,,濟,,,,860 1639 1639 5136 5588 5588 6833 6833
455,,閟,,,,862
456,,蝱,,,,864
457,,狂,,,,868 6043
458,,極,,,,872 983 1604 1715 1930 3953 4032 4285 4567 4732 4878 5710 6080 6392 6498 6662 7294
459,,尤,,,,874 4112
460,,猗,,,,878 3171 3448 7152
461,,磋,,,,880
462,,磨,,,,881 5907
463,,僩,,,,882 891
464,,咺,,,,883 892
465,,諼,,,,885 894 907
466,,青,,,,887 1554 4922 4922
467,,瑩,,,,889 1555
468,,簀,,,,896
469,,錫,,,,898
470,,璧,,,,899
471,,綽,,,,900
472,,較,,,,901
473,,虐,,,,903 3584 5759 5967
474,,澗,,,,904 5612 5613
475,,寬,,,,905
476,,阿,,,,908 3039 3415 4811 4860 5247 5631
477,,薖,,,,909
478,,陸,,,,912 2605
479,,軸,,,,913 1332
480,,宿,,,,914 2534 2607 3345 4204
481,,頎,,,,916
482,,妻,,,,919 5168
483,,姨,,,,921
484,,脂,,,,924 5426
485,,蠐,,,,925
486,,犀,,,,926
487,,眉,,,,927
488,,倩,,,,928
489,,盼,,,,929
490,,驕,,,,932 1606 1606 1703 2027 3223 4722
491,,鑣,,,,933 2026
492,,朝,,,,934 988 1040 2302 3294 4904
493,,瀖,,,,939 939
494,,發,,,,940 940 1568 2334 2417 4034 4034 4106 4106 6259 7230
495,,孼,,,,942 942
496,,朅,,,,943 1041
497,,蚩,,,,944
498,,丘,,,,949 3986
499,,期,,,,950 953 1112 2049 2955 3306 4508 6922
500,,媒,,,,951
501,,垣,,,,954 3855 5340 5784
502,,關,,,,955 956 958
503,,漣,,,,957 1748
504,,遷,,,,963 3971 4607 7301
505,,落,,,,964
506,,若,,,,965 2681 4394 4456 6250 7131 7151
507,,葚,,,,967
508,,耽,,,,969 970 973
509,,隕,,,,976 3843 5104
510,,湯,,,,979 979 1643 1643 2187 3248 3248 4220 6379 6379 7199 7277
511,,爽,,,,981 2990
512,,德,,,,984 1784 2785 3015 3662 4031 4626 4854 4986 5256 5313 5471 5533 5652 5714 5816 5829 5830 5978 6228 6239 6244 6417 6992 7000
513,,怨,,,,996 4008
514,,岸,,,,997 5234
515,,宴,,,,999 4530
516,,晏,,,,1000 1000 1344
517,,竿,,,,1005
518,,右,,,,1010 1013 2084 3031 3198 4371 4459 4952 5076 6157
519,,左,,,,1014 1945 4457
520,,儺,,,,1016
521,,滺,,,,1017
522,,支,,,,1021
523,,觿,,,,1022 1023
524,,知,,,,1024 2246 2325 3835 3941 3947
525,,遂,,,,1025 1031 3690
526,,悸,,,,1026 1032
527,,韘,,,,1028 1029
528,,甲,,,,1030
529,,杭,,,,1034
530,,望,,,,1036 2190 4750 5658
531,,刀,,,,1038 4338 5575
532,,桀,,,,1042 1122 1610 1610 7262
533,,殳,,,,1043
534,,容,,,,1048 6693
535,,疾,,,,1052 3712 5871 6474
536,,背,,,,1054 5466 6081 6497 7109
537,,痗,,,,1056 3654
538,,梁,,,,1058 3916 4383 4851 5033
539,,帶,,,,1064
540,,瓜,,,,1069 2477 4330
541,,琚,,,,1070 1377
542,,桃,,,,1073 1698
543,,瑤,,,,1074 5574
544,,玖,,,,1078 1242
545,,苗,,,,1082 1790 3158 3292 4791 6831
546,,靡,,,,1083 1083 1093 1093 1103 1103
547,,搖,,,,1084 1084 2522
548,,穗,,,,1092 4410
549,,醉,,,,1094 2151 6071
550,,噎,,,,1104
551,,塒,,,,1114
552,,月,,,,1120 1212 1465 1564 5375
553,,佸,,,,1121
554,,括,,,,1124 4534
555,,渴,,,,1126 2805 4533
556,,簧,,,,1128 2013 2623
557,,房,,,,1129 7087
558,,陶,,,,1131 1131 1333 1333 7005
559,,翿,,,,1132 2198
560,,申,,,,1138 4678 5537 6175
561,,甫,,,,1144 6243 6271 6353 6353
562,,蒲,,,,1148 4652 6330
563,,許,,,,1150 2732 5316 7134
564,,乾,,,,1154
565,,難,,,,1158 2697 4473 4812 5743 5974 6790
566,,修,,,,1160
567,,歗,,,,1162
568,,淑,,,,1164 6018
569,,濕,,,,1166 3414
570,,羅,,,,1172 4480
571,,罹,,,,1176 3406 3799
572,,吪,,,,1177 2581
573,,罦,,,,1179
574,,造,,,,1181 1248 5180 6773
575,,覺,,,,1184
576,,罿,,,,1186
577,,凶,,,,1190
578,,聰,,,,1191 3288
579,,藟,,,,1192 1198 1204
580,,滸,,,,1193 5065 6387
581,,父,,,,1195 1196 1723 1895 2657 2735 3335 5063 6422 6428 7060
582,,涘,,,,1199 2082 5026
583,,漘,,,,1205 1765
584,,昆,,,,1207 1208
585,,聞,,,,1209 6139
586,,葛,,,,1210
587,,蕭,,,,1213 2404 3174 3174
588,,秋,,,,1215
589,,艾,,,,1216 3230 3750 4490 6786 7112
590,,歲,,,,1218 2420 5429 7113
591,,檻,,,,1219
592,,菼,,,,1220
593,,敢,,,,1222
594,,啍,,,,1223
595,,璊,,,,1224
596,,穴,,,,1228 2106 2118 2130 5061
597,,麻,,,,1231 2205 2224
598,,嗟,,,,1232 1233 3454
599,,國,,,,1236 1237 1713 1786 1787 2392 3061 3077 3664 4148 4568 4964 5020 5708 5828 5975 6032 6231 6418 6426 6459 7042 7291
600,,館,,,,1245 1249 1253 5607
601,,粲,,,,1246 1250 1254 1345 1964
602,,蓆,,,,1251
603,,作,,,,1252 2163 2793 3215 3885 5898 6075 6923 7149 7169
604,,里,,,,1256 3067 3653 6051 6161 6339 6567 6568 7210
605,,杞,,,,1257 2660 2903 2962 4130
606,,畏,,,,1262 1270 1278 2546 5792 6120
607,,牆,,,,1264
608,,園,,,,1272 2024 3265 3274
609,,檀,,,,1273 1746 3266 3275
610,,仁,,,,1283 1618
611,,狩,,,,1284 2019 3157
612,,武,,,,1293 5317 6443 6995 7052 7269
613,,舉,,,,1299 6278 6280 6711
614,,所,,,,1301 1780 1923 2603 3193 6125 6450 7177 7273
615,,揚,,,,1309 1499 1653 1654 2441 3250 4090 5053 5564 7012
616,,射,,,,1310 4542 5929
617,,控,,,,1312
618,,送,,,,1313 1422
619,,鴇,,,,1315
620,,首,,,,1316 3811 4304 4520 4644 4887 4891 4895 4925 6409 6411
621,,阜,,,,1319 2016 2039 3155 3185 3186 4522
622,,慢,,,,1320
623,,罕,,,,1321
624,,掤,,,,1322
625,,弓,,,,1323 2057 4784 7100
626,,彭,,,,1324 1644 1644 2858 2858 4141 4141 5051 5051 6288 6288 6340 6913 6913
627,,旁,,,,1325 1325
628,,英,,,,1326 1381 1558 1689 1690
629,,翔,,,,1327 1376 1382 1646 2305
630,,消,,,,1328 4720
631,,麃,,,,1329 1329 6832
632,,喬,,,,1330
633,,遙,,,,1331 2301 3296
634,,抽,,,,1334
635,,濡,,,,1336 2673
636,,渝,,,,1339 5795
637,,飾,,,,1340
638,,力,,,,1341 3558 5817 6034 6085 6249
639,,直,,,,1343 1757 1788 4216 5086 6229
640,,彥,,,,1347
641,,路,,,,1348 1685 5204 5393
642,,怯,,,,1349
643,,惡,,,,1350 3491 3680 5546 6694
644,,魗,,,,1354
645,,爛,,,,1359 1965
646,,加,,,,1362
647,,贈,,,,1369
648,,順,,,,1370 5877
649,,問,,,,1371 5104
650,,蘇,,,,1386
651,,松,,,,1390
652,,龍,,,,1391 7249
653,,充,,,,1392
654,,童,,,,1393
655,,蘀,,,,1394 1398 2451 3267
656,,吹,,,,1395
657,,伯,,,,1396 1400 6184 6201 6235 6366 6819
658,,和,,,,1397
659,,漂,,,,1399
660,,要,,,,1401
661,,餐,,,,1405 1754
662,,溱,,,,1411 3438 3438
663,,洧,,,,1416
664,,丰,,,,1420
665,,巷,,,,1421
666,,昌,,,,1423 1531 1546 1651 7090
667,,墠,,,,1434
668,,阪,,,,1435 2744
669,,即,,,,1441 1563 5615
670,,淒,,,,1442 1442 4101
671,,瀟,,,,1446 1446
672,,膠,,,,1447 1447 4822
673,,瘳,,,,1449 6477
674,,晦,,,,1450 5839
675,,喜,,,,1453 2425 3029 3045 3094 4370 4415 4536 6053 7136
676,,衿,,,,1454
677,,佩,,,,1458 2176
678,,達,,,,1462 5376 6829 7227 7228 7259
679,,闕,,,,1463
680,,水,,,,1466 1472 1634 3239 3247
681,,雲,,,,1479 1480 1626 4317 6344
682,,存,,,,1481
683,,巾,,,,1482
684,,員,,,,1483
685,,闍,,,,1484
686,,荼,,,,1485 1486 2515
687,,藘,,,,1488
688,,娛,,,,1489
689,,漙,,,,1491
690,,婉,,,,1493 1613 1664 2373
691,,願,,,,1495
692,,瀼,,,,1497 1497 2987 2987
693,,渙,,,,1503 6788
694,,蘭,,,,1505
695,,乎,,,,1506 1508 1518 1520 2177 2180 2182 2185 2719
696,,謔,,,,1512 1524 5760 5760 5764
697,,藥,,,,1513 1525 5766
698,,清,,,,1515 1658 4808 5504
699,,聲,,,,1529 2725 2727 3179 5324 5325 6712 7159 7161 7161 7163 7295
700,,明,,,,1530 1532 1569 3326 4085 4257 4343 4357 5056 5477 5692 5797 5832 6263 6651 6804 6943 6943
701,,光,,,,1533 2959 2989 3226 4078 5034 5216 5562 6342 6744 6840
702,,夢,,,,1535 3384 3530 3540
703,,憎,,,,1537 3534
704,,間,,,,1539
705,,肩,,,,1540
706,,儇,,,,1541
707,,茂,,,,1542 2790 2973 3357 5405 6547 6857
708,,狼,,,,1548
709,,著,,,,1550
710,,素,,,,1551
711,,庭,,,,1553 3376 6465 6706 6778
712,,闥,,,,1566 1567
713,,倒,,,,1571
714,,召,,,,1572
715,,晞,,,,1573 2072 3005
716,,顛,,,,1575 2001
717,,令,,,,1576 1617 1617 2003 3614 3778
718,,圃,,,,1577 2482
719,,瞿,,,,1578 1578 1804 1804
720,,兩,,,,1587
721,,雙,,,,1588
722,,蕩,,,,1589
723,,畝,,,,1594 2424 3104 4316 4352 4369 4373 4391 4414 5079 5416 6826 6847
724,,鞠,,,,1598 4026
725,,克,,,,1600 2591 3554 3767 5813 6083 6458
726,,忉,,,,1608 1608 2258 2258 2304 2304
727,,怛,,,,1612 1612 2338
728,,丱,,,,1614
729,,弁,,,,1616
730,,環,,,,1619
731,,鬈,,,,1620
732,,鋂,,,,1621
733,,偲,,,,1622
734,,鰥,,,,1624
735,,鱮,,,,1628 4788 4789
736,,唯,,,,1632 1632
737,,薄,,,,1635 1635
738,,鞹,,,,1636
739,,夕,,,,1638 3300 3678 7170
740,,濔,,,,1640 1640
741,,滔,,,,1647 1647 6372 6372
742,,儦,,,,1648 1648
743,,蹌,,,,1655 4251 4251
744,,名,,,,1657
745,,正,,,,1661 3378 3498 5356 6159 6169
746,,甥,,,,1662
747,,貫,,,,1666 3946
748,,亂,,,,1668 5608
749,,霜,,,,1670 2064 2497 3503 4052
750,,襋,,,,1673
751,,提,,,,1675 1675 3797
752,,辟,,,,1676 5199 5347 5781 5782 5803 5805 6310 7282 7284
753,,刺,,,,1679 6504
754,,洳,,,,1680
755,,度,,,,1683 1684 2683 3889 4270 5190 5901 7144
756,,曲,,,,1692 2038
757,,藚,,,,1693
758,,殽,,,,1699 3586 4545
759,,謠,,,,1701
760,,其,,,,1705 1717
761,,棘,,,,1710 1925 1960 2101 2388 2831 2847 3013 3372 4240 4566 5979 6391
762,,岵,,,,1722
763,,屺,,,,1728
764,,季,,,,1730 5211 5212
765,,偕,,,,1737 2913 2931 4578
766,,閒,,,,1740
767,,閑,,,,1741 1741 2025 3089 5267 5267 7304
768,,外,,,,1743 1810 4844 6258
769,,泄,,,,1744 1744 5718 5746 5746
770,,廛,,,,1750
771,,貆,,,,1752
772,,輻,,,,1755 3574
773,,億,,,,1759 4246 4286 4974 5539
774,,輪,,,,1764
775,,淪,,,,1766
776,,囷,,,,1768
777,,飧,,,,1772
778,,鼠,,,,1773 1781 1789 2466
779,,黍,,,,1774 1920 3331 4365 6698 6852 7044
780,,號,,,,1796 4151 4616
781,,除,,,,1800 2759 3368 4184
782,,康,,,,1801 1809 1817 5557 5647 5686 6609 6647 6649 7190
783,,蹶,,,,1812 1812 5745
784,,慆,,,,1816
785,,樞,,,,1821
786,,榆,,,,1822
787,,婁,,,,1824
788,,愉,,,,1828
789,,栲,,,,1829 2968
790,,杻,,,,1830 2969
791,,考,,,,1834 3011 4306 4337 6254 6304 6413 6729 6737 6745 6775
792,,保,,,,1836 5174 6211 6255 6748
793,,鑿,,,,1846 1846
794,,襮,,,,1847
795,,沃,,,,1848 4816
796,,皓,,,,1852 1852 2267
797,,繡,,,,1853
798,,鵠,,,,1854
799,,粼,,,,1858 1858
800,,升,,,,1862 2787 3430 5432
801,,朋,,,,1864 3049 7096
802,,聊,,,,1865 1871
803,,條,,,,1866 1872
804,,匊,,,,1868 4776
805,,篤,,,,1870 6587
806,,芻,,,,1879
807,,逅,,,,1882 1884
808,,戶,,,,1886 2463 2467 2511 2543 3363
809,,者,,,,1888 1890 4790 6910 6918 6926 6934
810,,杜,,,,1891 2888 2895
811,,湑,,,,1892 1892 2750 2755 2981 4440 4552 5516
812,,踽,,,,1893 1893
813,,比,,,,1897 1906
814,,佽,,,,1899 1908 3166
815,,菁,,,,1901 1901
816,,睘,,,,1902 1902
817,,袪,,,,1909
818,,褎,,,,1913 5407
819,,究,,,,1914 1914 3847 5825
820,,栩,,,,1918 2200 2655 3330
821,,盬,,,,1919 2651 2656 2812 2890 2897
822,,怙,,,,1921
823,,翼,,,,1924 2351 2364 2828 2828 3074 3110 3110 3371 4244 4323 4323 4484 4852 4962 4962 5016 5088 5088 5388 5467 5651 5653 6247 6247 6457 6457 7293 7293
824,,稷,,,,1927 4242 4283 4418 5374 6659 7076
825,,粱,,,,1934 3324 4378
826,,嘗,,,,1935 2776 4253 4886 7082 7172 7194
827,,常,,,,1937 3610 4978 5650 7093 7281
828,,燠,,,,1943
829,,我,,,,1947 3917
830,,周,,,,1951 2406
831,,域,,,,1961
832,,巔,,,,1977
833,,旃,,,,1980 1988 1996
834,,然,,,,1981 1989 1997 4700 5737
835,,焉,,,,1983 1991 1999
836,,鄰,,,,2000
837,,耋,,,,2009
838,,楊,,,,2011 2235 2957
839,,碩,,,,2021 4264 4393 6233 7147 7150
840,,獲,,,,2023 3891 4271 5188 6077 7022
841,,收,,,,2028 6476 6585
842,,輈,,,,2029
843,,續,,,,2031 6867
844,,轂,,,,2033
845,,馵,,,,2034
846,,驂,,,,2043
847,,合,,,,2045 2712 5024
848,,軜,,,,2046
849,,邑,,,,2048
850,,群,,,,2051 3408
851,,錞,,,,2052
852,,苑,,,,2054
853,,膺,,,,2055 7104
854,,縢,,,,2058 7099
855,,興,,,,2060 2769 3260 3383 5046 5095
856,,蒼,,,,2063 2063 6035
857,,央,,,,2070 2859 2859 3083 3083 3119 3119 3225 6742 6742
858,,湄,,,,2074
859,,躋,,,,2076 3375 7236
860,,坻,,,,2078
861,,裘,,,,2090 2454 4070
862,,慄,,,,2107 2119 2131
863,,防,,,,2117
864,,禦,,,,2129 6275
865,,欽,,,,2139 4234 4234
866,,櫟,,,,2142
867,,駮,,,,2143
868,,棣,,,,2148
869,,檖,,,,2149
870,,袍,,,,2155
871,,師,,,,2156 2161 2166 2410 3455 3462 4426 5774
872,,矛,,,,2157 3492
873,,澤,,,,2160 3213 6816 6816
874,,戟,,,,2162
875,,渠,,,,2178 2178
876,,餘,,,,2179 4770
877,,輿,,,,2181 2186
878,,簋,,,,2183 2739
879,,飽,,,,2184 4303 4928
880,,上,,,,2188 4514 5002
881,,鼓,,,,2191 2752 3133 4362 4587 6708 7153
882,,夏,,,,2193 4097
883,,缶,,,,2195
884,,差,,,,2203
885,,原,,,,2204 2696 3091 5250 5567 5572 5578 5602
886,,婆,,,,2206
887,,娑,,,,2206
888,,荍,,,,2209
889,,椒,,,,2210
890,,魴,,,,2216 2599
891,,鯉,,,,2220 2925 3099 6720
892,,池,,,,2223 3416 5249
893,,紵,,,,2228
894,,語,,,,2230 2984 3365 4638 5585 5585
895,,菅,,,,2232 4827
896,,牂,,,,2236 2236
897,,煌,,,,2238 2238 5050
898,,肺,,,,2240 2240
899,,晢,,,,2242 2242
900,,斯,,,,2244 3796 3949
901,,萃,,,,2250
902,,訊,,,,2252 3694
903,,巢,,,,2255
904,,苕,,,,2256
905,,甓,,,,2259
906,,鷊,,,,2260
907,,惕,,,,2262 2262
908,,皎,,,,2263
909,,僚,,,,2264
910,,糾,,,,2265 6853
911,,懰,,,,2268
912,,受,,,,2269 3983
913,,慅,,,,2270
914,,照,,,,2271
915,,燎,,,,2272 5152
916,,紹,,,,2273 5887
917,,慘,,,,2274
918,,株,,,,2282
919,,陂,,,,2283
920,,荷,,,,2284
921,,蕑,,,,2290
922,,悁,,,,2294
923,,菡,,,,2296
924,,萏,,,,2296
925,,儼,,,,2298
926,,枕,,,,2300
927,,膏,,,,2309 2412 4792
928,,曜,,,,2310
929,,冠,,,,2313
930,,欒,,,,2314 2314
931,,慱,,,,2315 2315
932,,韡,,,,2319 2689
933,,結,,,,2320 2380 3560 4762
934,,一,,,,2321 2378 2379
935,,枝,,,,2323 3833
936,,偈,,,,2335
937,,飄,,,,2339
938,,嘌,,,,2340
939,,弔,,,,2342
940,,鬵,,,,2344
941,,閱,,,,2355
942,,雪,,,,2356
943,,祋,,,,2360
944,,芾,,,,2362
945,,咮,,,,2368
946,,媾,,,,2370
947,,薈,,,,2371
948,,蔚,,,,2371 4014
949,,騏,,,,2386 2676 3109 6920
950,,忒,,,,2390 2391 5977 6496 7074
951,,年,,,,2398 2559 3436 4328 4351 6410
952,,稂,,,,2400
953,,嘆,,,,2401 2405 2409
954,,蓍,,,,2408
955,,火,,,,2415 2426 2437 4402
956,,烈,,,,2418 2804 2804 4033 4033 4105 4105 5428 7231 7231 7256 7256
957,,褐,,,,2419
958,,耜,,,,2421 4390 6846
959,,庚,,,,2429 4086
960,,葦,,,,2438 5438
961,,斨,,,,2440 2573
962,,鵙,,,,2443
963,,績,,,,2444 5345 7283
964,,葽,,,,2448
965,,蜩,,,,2449
966,,穫,,,,2450 3079 4407
967,,貉,,,,2452
968,,狸,,,,2453
969,,功,,,,2456 2488 4584 5330 6187 6463 6599 7014 7123
970,,股,,,,2459 4671
971,,宇,,,,2462 2541 5068 6005 7063 7135
972,,薁,,,,2471
973,,菽,,,,2472 4200
974,,棗,,,,2473
975,,稻,,,,2474
976,,壽,,,,2476 2788 2971 6414 6735 6747
977,,壺,,,,2478 6326
978,,苴,,,,2479
979,,樗,,,,2480 3337
980,,稼,,,,2483
981,,穋,,,,2484 7040
982,,茅,,,,2489 4832
983,,綯,,,,2490
984,,穀,,,,2492 2763 3276 3316 3319 3592 3789 4116 4322 6047 6065
985,,沖,,,,2493 2493 3001 3001
986,,陰,,,,2494
987,,蚤,,,,2495
988,,韭,,,,2496
989,,場,,,,2498 2544
990,,響,,,,2499
991,,羊,,,,2500 4252 4358
992,,疆,,,,2503 2779 2961 4262 4346 4386 5244 5548 5558 6217 6595 6914 7185 7193 7222
993,,恩,,,,2507
994,,勤,,,,2507
995,,閔,,,,2508
996,,据,,,,2514
997,,租,,,,2516
998,,譙,,,,2519
999,,翛,,,,2520 2520
1000,,翹,,,,2521 2521
1001,,嘵,,,,2523 2523
1002,,濛,,,,2527 2539 2551 2563
1003,,蠋,,,,2532
1004,,垤,,,,2552
1005,,窒,,,,2554
1006,,至,,,,2555 2911 4024 4591
1007,,縭,,,,2568
1008,,嘉,,,,2570 2583 2929 3453 4498 4627 5483 5511 5905 5931
1009,,皇,,,,2575 3124 3398 4258 4344 5540 5540 6600 6648 6911 7011 7011
1010,,錡,,,,2579
1011,,銶,,,,2585
1012,,遒,,,,2587 7246
1013,,踐,,,,2597 2746
1014,,復,,,,2606 3347 4029 6059
1015,,胡,,,,2611 2616
1016,,膚,,,,2613 2617
1017,,几,,,,2614 5445 5589
1018,,瑕,,,,2618
1019,,苹,,,,2620
1020,,笙,,,,2622
1021,,蒿,,,,2628 4010
1022,,昭,,,,2630 5960 6980 6980
1023,,恌,,,,2631
1024,,傚,,,,2632 4702
1025,,芩,,,,2636
1026,,琴,,,,2638 2639 2713 4235 4558
1027,,湛,,,,2640 2715 4594
1028,,騑,,,,2643 2643 2648 2648
1029,,駸,,,,2664 2664
1030,,諗,,,,2667
1031,,隰,,,,2669
1032,,諏,,,,2675
1033,,駱,,,,2680 4454 4455 6927
1034,,駰,,,,2684
1035,,均,,,,2685 3457 4139 5456
1036,,詢,,,,2687
1037,,威,,,,2692 3149 3665 3864 6763
1038,,裒,,,,2694
1039,,務,,,,2701
1040,,平,,,,2704 2731 3495 4807 5197 6383 6464 7160 7181
1041,,寧,,,,2705 3380 3482 3496 4810 4968 5326 5380 5503 5789 6171 6386 6470 6842 6864 7297
1042,,生,,,,2707 2729 3481 3783 4924 4965 5110 5675 7298
1043,,豆,,,,2708
1044,,飫,,,,2709
1045,,具,,,,2710 3422
1046,,孺,,,,2711
1047,,翕,,,,2714
1048,,帑,,,,2717
1049,,圖,,,,2718 3666 6279
1050,,嚶,,,,2721 2721
1051,,藇,,,,2733
1052,,羜,,,,2734
1053,,舅,,,,2741 4524 6210
1054,,咎,,,,2743 3736 4156
1055,,衍,,,,2745 5800
1056,,愆,,,,2749 4276 5922
1057,,酤,,,,2751 7178
1058,,暇,,,,2754 4190 4940
1059,,固,,,,2757 5206
1060,,庶,,,,2761 4188 4267
1061,,祿,,,,2765 3520 3524 3593 4300 5495
1062,,陵,,,,2771 3047 3256 3536 3618 7097
1063,,增,,,,2773 7103 7103
1064,,享,,,,2775 4341 6746 7188 7279
1065,,王,,,,2777 3399 3642 5004 5014 5036 5040 5054 5119 5133 5254 5261 5301 5354 5541 5694 5798 6029 6315 6382 6625 6645 6739 6781 6889 7049 7268 7280
1066,,福,,,,2781 4218 4250 4281 4420 4486 4624 4988 5018 5150 5469 5473 5538 6722 7039 7292
1067,,恆,,,,2786
1068,,崩,,,,2789 3428 3616 7094
1069,,承,,,,2791 5919 7106 7209
1070,,柔,,,,2801 4476 5980 6875 7244
1071,,聘,,,,2807
1072,,剛,,,,2809 4145 7084
1073,,疚,,,,2814 2910 4056 6553
1074,,駕,,,,2820 3170
1075,,業,,,,2821 2821 6285 6285 7264
1076,,捷,,,,2823 6286 6286
1077,,騤,,,,2825 2825 3056 3056 5988 6292 6292
1078,,依,,,,2826 2833 2833 3728 5587 5590 7035
1079,,腓,,,,2827 4102
1080,,戒,,,,2830 4288 4388
1081,,哀,,,,2839 3604 3724 4128 5994
1082,,牧,,,,2841
1083,,載,,,,2845 2909 3027 3576 4062 4866 4874 4882 5087 5147
1084,,旐,,,,2850
1085,,旆,,,,2853 5398 5398 7254
1086,,況,,,,2855
1087,,塗,,,,2867
1088,,書,,,,2871
1089,,幝,,,,2906 2906
1090,,痯,,,,2907 2907
1091,,恤,,,,2912 4023 6014
1092,,近,,,,2914
1093,,罶,,,,2916 2920 2924 4926
1094,,鯊,,,,2917
1095,,鱧,,,,2921
1096,,旨,,,,2923 2930 4577
1097,,時,,,,2933 3630 4510 4600 4950 5073 5434 5486 5852 6552
1098,,罩,,,,2935 2935
1099,,汕,,,,2939 2939
1100,,衎,,,,2941
1101,,又,,,,2949 3771 4598 4642
1102,,臺,,,,2950
1103,,萊,,,,2951 3634
1104,,基,,,,2953 5943 6871
1105,,枸,,,,2974
1106,,楰,,,,2975
1107,,耇,,,,2977 5465
1108,,寫,,,,2983 4442 4443 4554
1109,,泥,,,,2993 2993 5441
1110,,豈,,,,2997 4650
1111,,濃,,,,2999 2999
1112,,雝,,,,3002 3002 4168 6691 6723 6723
1113,,草,,,,3009 3156 3805 3973 3973 4942 5404
1114,,椅,,,,3016
1115,,藏,,,,3021 3640 4825
1116,,貺,,,,3023
1117,,饗,,,,3025 4259 6626 7192
1118,,櫜,,,,3033
1119,,酬,,,,3037 3494 3845 4898
1120,,莪,,,,3038
1121,,浮,,,,3051 4723 4723 5424 5424 6371 6371
1122,,棲,,,,3054 3054
1123,,飭,,,,3055
1124,,熾,,,,3058 7107
1125,,急,,,,3059
1126,,則,,,,3063 5260 5311 5655 5881 5935 6237 6245 6994
1127,,顒,,,,3071
1128,,章,,,,3082 4082 4448 4449 4748 5131 5543 5895 6317 6740
1129,,安,,,,3086 5270 5270 5726 7305
1130,,軒,,,,3087
1131,,憲,,,,3093 4472 5744 5744 6227
1132,,祉,,,,3095 3874 5229 6402 6736 7140
1133,,芑,,,,3102 3114 5359 5414 5417
1134,,涖,,,,3105 3117 3129
1135,,試,,,,3107 4072 7110
1136,,率,,,,3108 3120 3132
1137,,奭,,,,3111
1138,,衡,,,,3121 6318 7083 7186 7267
1139,,瑲,,,,3122 3122
1140,,珩,,,,3125
1141,,旅,,,,3134 4576 4800 5043 5239 5240 5583 6430 6756 6820 7058 7272
1142,,闐,,,,3137 3137
1143,,焞,,,,3145
1144,,雷,,,,3146 6115
1145,,攻,,,,3150
1146,,龐,,,,3152
1147,,囂,,,,3159 3648 5754
1148,,奕,,,,3163 3163 7148 7148 7165
1149,,舄,,,,3164 7146
1150,,調,,,,3167
1151,,柴,,,,3169
1152,,馳,,,,3172 5682
1153,,破,,,,3173
1154,,驚,,,,3176 6442
1155,,戊,,,,3182
1156,,禱,,,,3183
1157,,午,,,,3188
1158,,麌,,,,3191 3191
1159,,矢,,,,3201 4044
1160,,兕,,,,3203
1161,,醴,,,,3205 6701
1162,,寡,,,,3211 3786 6274
1163,,宅,,,,3217 5194 6185 7125
1164,,嗷,,,,3219
1165,,晣,,,,3231 3231
1166,,噦,,,,3233 3233 6972 6972
1167,,晨,,,,3235
1168,,煇,,,,3236
1169,,旂,,,,3238 4666 6970
1170,,海,,,,3240 6394 7212
1171,,隼,,,,3241 3249
1172,,懲,,,,3258 3538 3620 7105
1173,,錯,,,,3269 4269
1174,,饔,,,,3290
1175,,藿,,,,3298
1176,,客,,,,3302 4268 7166
1177,,粟,,,,3317 3785
1178,,蓫,,,,3343
1179,,畜,,,,3346 4027
1180,,葍,,,,3349
1181,,富,,,,3352 3769 6505 6551 7108
1182,,山,,,,3355 3852 7299
1183,,苞,,,,3356 5406 6454
1184,,祖,,,,3361 4332 4363 4589 4984 6130 6323 6421 6996 7080 7155 7174
1185,,堵,,,,3362
1186,,閣,,,,3366 3366
1187,,橐,,,,3367 3367
1188,,去,,,,3369 5389 6143
1189,,芋,,,,3370
1190,,楹,,,,3377
1191,,冥,,,,3379 4164 4164
1192,,簟,,,,3381
1193,,寢,,,,3382
1194,,羆,,,,3386 3389 6370
1195,,祥,,,,3390 3392 6508 7219
1196,,床,,,,3394 4149
1197,,璋,,,,3396 5120 5657
1198,,喤,,,,3397 3397 6652 6652
1199,,地,,,,3401
1200,,裼,,,,3402
1201,,瓦,,,,3403
1202,,議,,,,3405 4157
1203,,犉,,,,3410
1204,,濈,,,,3412
1205,,訛,,,,3417
1206,,餱,,,,3420
1207,,蒸,,,,3424 3528
1208,,雄,,,,3425 3542
1209,,兢,,,,3427 3427 3757 3757 3794 3794
1210,,肱,,,,3429
1211,,魚,,,,3432 3435 6328 6718 6936
1212,,巖,,,,3440 7115
1213,,瞻,,,,3442 6037
1214,,惔,,,,3443
1215,,談,,,,3444
1216,,斬,,,,3445
1217,,監,,,,3446 7287
1218,,瘥,,,,3451
1219,,氐,,,,3456
1220,,維,,,,3458 4688 6000
1221,,毗,,,,3459 5768
1222,,迷,,,,3460 5769
1223,,親,,,,3463
1224,,仕,,,,3465 3470 3703 5360
1225,,殆,,,,3468 3704 7204
1226,,傭,,,,3471
1227,,訩,,,,3472 3500 7013
1228,,惠,,,,3473 6469
1229,,戾,,,,3474 3672 4694 5873
1230,,屆,,,,3475 3825 4670 6475
1231,,闋,,,,3476
1232,,酲,,,,3483
1233,,政,,,,3485 5883
1234,,領,,,,3488 4468
1235,,騁,,,,3490
1236,,懌,,,,3493 4506 5749 7167
1237,,誦,,,,3499
1238,,邦,,,,3502 4438 4682 5170 5236 6186 6189 6540 6597 7120 7126
1239,,痒,,,,3510 6031
1240,,瘉,,,,3512 4706
1241,,口,,,,3515 3516 3897
1242,,愈,,,,3517 3517
1243,,侮,,,,3518 5114 5273 5461
1244,,僕,,,,3522 5497
1245,,勝,,,,3532 5096 7207
1246,,局,,,,3544 4777
1247,,蹐,,,,3546
1248,,脊,,,,3548
1249,,蜴,,,,3550
1250,,滅,,,,3564 3566 3671
1251,,輔,,,,3570 7064
1252,,意,,,,3578
1253,,沼,,,,3579 5290
1254,,炤,,,,3582
1255,,云,,,,3588 3913
1256,,慇,,,,3590 3590 6004 6004
1257,,椓,,,,3594
1258,,獨,,,,3596 4830
1259,,卯,,,,3598
1260,,電,,,,3613
1261,,騰,,,,3615 7095
1262,,徒,,,,3622 5084
1263,,宰,,,,3623 6155
1264,,史,,,,3625 4632
1265,,向,,,,3638 3644
1266,,徹,,,,3659
1267,,逸,,,,3660 4580 4580
1268,,罪,,,,3667 3669 3865
1269,,辜,,,,3668 3862 3867
1270,,鋪,,,,3670 6378
1271,,勩,,,,3674
1272,,臻,,,,3684 4742 6097
1273,,退,,,,3689 3696
1274,,瘁,,,,3692 3699 4016 6511
1275,,荅,,,,3695
1276,,使,,,,3705 3707 5665
1277,,血,,,,3711
1278,,沮,,,,3718 3873 6123 6717
1279,,用,,,,3720
1280,,邛,,,,3722 3883
1281,,厎,,,,3730
1282,,集,,,,3734 5022
1283,,程,,,,3740
1284,,經,,,,3741
1285,,聽,,,,3742 5856 6101 6714
1286,,爭,,,,3743 6385 7183
1287,,膴,,,,3748 5069
1288,,他,,,,3756 4500 4916
1289,,冰,,,,3759 3795 5387
1290,,扈,,,,3784 4463 4467
1291,,卜,,,,3788
1292,,擣,,,,3807
1293,,梓,,,,3812
1294,,在,,,,3819
1295,,嘒,,,,3821 4668 4668
1296,,淠,,,,3823 4667 4667
1297,,伎,,,,3829 3829
1298,,雌,,,,3831
1299,,先,,,,3837
1300,,墐,,,,3839
1301,,忍,,,,3841
1302,,掎,,,,3848
1303,,杝,,,,3849
1304,,幠,,,,3863 3866
1305,,涵,,,,3869
1306,,讒,,,,3871
1307,,盟,,,,3876
1308,,盜,,,,3878
1309,,甘,,,,3880
1310,,餤,,,,3881
1311,,共,,,,3882 5237 6537 7247
1312,,樹,,,,3893 5460
1313,,數,,,,3895
1314,,厚,,,,3899 5642
1315,,麋,,,,3901
1316,,勇,,,,3902 7250
1317,,階,,,,3903 6002 6491
1318,,尰,,,,3904
1319,,禍,,,,3915
1320,,可,,,,3919 6088
1321,,陳,,,,3921 4349
1322,,舍,,,,3933
1323,,盱,,,,3937 4774
1324,,易,,,,3939 4992 5780 6308
1325,,祇,,,,3943
1326,,壎,,,,3944
1327,,篪,,,,3945 5776
1328,,蜮,,,,3950
1329,,斐,,,,3956
1330,,錦,,,,3957
1331,,甚,,,,3959 6102
1332,,哆,,,,3960
1333,,侈,,,,3960
1334,,箕,,,,3961
1335,,翩,,,,3964 5989
1336,,幡,,,,3968 4606 4606
1337,,昊,,,,3984
1338,,詩,,,,3988
1339,,頹,,,,3998
1340,,萎,,,,4006
1341,,恥,,,,4018 4634
1342,,恃,,,,4022
1343,,腹,,,,4030
1344,,律,,,,4037 4037
1345,,弗,,,,4038 4038
1346,,匕,,,,4042
1347,,砥,,,,4043
1348,,履,,,,4045 5439
1349,,視,,,,4046
1350,,涕,,,,4048
1351,,空,,,,4050
1352,,漿,,,,4074 4092
1353,,箱,,,,4084 4382
1354,,舌,,,,4094 5912 6257
1355,,暑,,,,4098 4176
1356,,濁,,,,4114
1357,,漢,,,,4117 6453
1358,,紀,,,,4118 5550 6153
1359,,鳶,,,,4121
1360,,桋,,,,4126
1361,,臣,,,,4138
1362,,賢,,,,4140 5457
1363,,傍,,,,4142 4142
1364,,仰,,,,4153 4555
1365,,掌,,,,4154
1366,,塵,,,,4160
1367,,疧,,,,4162 4858
1368,,熲,,,,4166
1369,,重,,,,4170
1370,,罟,,,,4182
1371,,奧,,,,4196
1372,,蹙,,,,4198
1373,,戚,,,,4202
1374,,湝,,,,4225 4225
1375,,回,,,,4228 5158 6466 7034
1376,,鼛,,,,4229
1377,,妯,,,,4231
1378,,僭,,,,4238 5948
1379,,祀,,,,4248 4279 4416 4419 5149 5368 5381 5419 5435 6721 6728 7071
1380,,侑,,,,4249
1381,,亨,,,,4254 4884
1382,,祊,,,,4256
1383,,慶,,,,4260 4302 4361 4384 4450 5215 7089
1384,,踖,,,,4263 4263
1385,,炙,,,,4265 4892 5451
1386,,格,,,,4272 5927
1387,,酢,,,,4274 4894 5448
1388,,熯,,,,4275
1389,,式,,,,4282 5177 5309 5837 6183 6248
1390,,敕,,,,4284
1391,,備,,,,4287 5148
1392,,位,,,,4289 5554
1393,,起,,,,4292
1394,,婦,,,,4295 5162 6493 6823
1395,,奏,,,,4299 5113
1396,,盡,,,,4308
1397,,引,,,,4310 6557
1398,,甸,,,,4312 6300
1399,,理,,,,4315 5078 5610 6393
1400,,雰,,,,4318 4318
1401,,霂,,,,4319
1402,,渥,,,,4320
1403,,彧,,,,4324 4324
1404,,穡,,,,4325 6024 7043
1405,,賓,,,,4327
1406,,廬,,,,4329
1407,,菹,,,,4331
1408,,祜,,,,4334 4466 5241 5319 6749 6998 7175
1409,,毛,,,,4339
1410,,膋,,,,4340
1411,,耔,,,,4353
1412,,薿,,,,4354 4354
1413,,敏,,,,4376 5370
1414,,倉,,,,4381 5559
1415,,皁,,,,4395
1416,,莠,,,,4397
1417,,螣,,,,4398
1418,,賊,,,,4399 5934 6030
1419,,穉,,,,4400
1420,,穧,,,,4408
1421,,利,,,,4411
1422,,黑,,,,4417
1423,,茨,,,,4424
1424,,珌,,,,4430
1425,,白,,,,4452
1426,,似,,,,4462 6400
1427,,胥,,,,4465 4469 6334
1428,,屏,,,,4470 5195 5786
1429,,翰,,,,4471 5342 5787 6177 6224 6398 6452
1430,,那,,,,4474 7152
1431,,觩,,,,4475 6874
1432,,秣,,,,4488
1433,,蘿,,,,4501
1434,,柏,,,,4502 7143
1435,,弈,,,,4504 4504
1436,,怲,,,,4516
1437,,霰,,,,4526
1438,,見,,,,4528
1439,,鷮,,,,4538
1440,,教,,,,4540 4701 5966 6982
1441,,譽,,,,4541 6358 6697
1442,,幾,,,,4544 4546 6517
1443,,樊,,,,4562
1444,,設,,,,4579
1445,,抗,,,,4581
1446,,張,,,,4582 5563 6312
1447,,的,,,,4585
1448,,能,,,,4596 6054
1449,,僊,,,,4608 4608
1450,,抑,,,,4610 4610 5544 5544
1451,,怭,,,,4612 4612
1452,,秩,,,,4614 5545 5545
1453,,呶,,,,4616
1454,,僛,,,,4618 4618
1455,,郵,,,,4620
1456,,俄,,,,4621
1457,,傞,,,,4622 4622
1458,,怠,,,,4636
1459,,羖,,,,4640
1460,,識,,,,4641 6501
1461,,鎬,,,,4645 4649 4653
1462,,黼,,,,4662
1463,,芹,,,,4664 6968
1464,,駟,,,,4669
1465,,紓,,,,4673
1466,,葵,,,,4690 5772
1467,,膍,,,,4692
1468,,裕,,,,4704
1469,,讓,,,,4709
1470,,饇,,,,4713
1471,,取,,,,4714
1472,,附,,,,4716 5111 5272
1473,,屬,,,,4718
1474,,瀌,,,,4719 4719
1475,,髦,,,,4725
1476,,柳,,,,4727 4733
1477,,蹈,,,,4729 4735
1478,,暱,,,,4730
1479,,愒,,,,4734 5716
1480,,瘵,,,,4736 6473
1481,,矜,,,,4744 4934 5987
1482,,撮,,,,4752
1483,,髮,,,,4754
1484,,蠆,,,,4766
1485,,綠,,,,4775
1486,,沐,,,,4778
1487,,藍,,,,4779
1488,,襜,,,,4780
1489,,詹,,,,4782 7116
1490,,牛,,,,4796 6872
1491,,營,,,,4804 5280 6197
1492,,幽,,,,4820
1493,,愛,,,,4823
1494,,煁,,,,4840
1495,,卑,,,,4856
1496,,誨,,,,4864 4872 4880 6494
1497,,趨,,,,4870
1498,,燔,,,,4888
1499,,獻,,,,4890
1500,,炮,,,,4896
1501,,高,,,,4900
1502,,沒,,,,4908
1503,,波,,,,4912
1504,,玄,,,,4933
1505,,民,,,,4936 5983 6661
1506,,新,,,,4948
1507,,世,,,,4958 4960 5865
1508,,楨,,,,4966
1509,,冔,,,,4982
1510,,臭,,,,4998
1511,,孚,,,,5000 5307
1512,,商,,,,5008 5042 5055 5843 7051 7197 7218 7225
1513,,妹,,,,5030
1514,,渭,,,,5032
1515,,莘,,,,5038
1516,,洋,,,,5049 7088
1517,,瓞,,,,5057
1518,,飴,,,,5070
1519,,龜,,,,5072
1520,,茲,,,,5074 5617 5622 5627 6554 6800
1521,,陾,,,,5089
1522,,登,,,,5092 5092 5431
1523,,馮,,,,5093 5093
1524,,伉,,,,5098
1525,,慍,,,,5103
1526,,拔,,,,5105 5208
1527,,兌,,,,5106 5209
1528,,駾,,,,5107
1529,,喙,,,,5108
1530,,槱,,,,5116
1531,,趣,,,,5118
1532,,峨,,,,5121
1533,,楫,,,,5124
1534,,相,,,,5132 6039
1535,,男,,,,5164
1536,,恫,,,,5167
1537,,廟,,,,5172
1538,,臨,,,,5173 6109
1539,,入,,,,5178
1540,,赫,,,,5184 6079
1541,,廓,,,,5192
1542,,翳,,,,5196
1543,,栵,,,,5198
1544,,椐,,,,5200
1545,,剔,,,,5201
1546,,柘,,,,5202
1547,,對,,,,5210 5822 6070
1548,,援,,,,5232
1549,,羨,,,,5233
1550,,恭,,,,5235
1551,,色,,,,5257 6246
1552,,衝,,,,5265
1553,,連,,,,5269 5269
1554,,茀,,,,5274 5274
1555,,仡,,,,5275 5275
1556,,肆,,,,5276
1557,,忽,,,,5277
1558,,拂,,,,5278
1559,,亟,,,,5283
1560,,囿,,,,5285
1561,,伏,,,,5286
1562,,濯,,,,5288 5288 6017 6203
1563,,翯,,,,5289 5289
1564,,躍,,,,5291
1565,,樅,,,,5292
1566,,鏞,,,,5293
1567,,鍾,,,,5294 5296
1568,,廱,,,,5295 5297 5349
1569,,逢,,,,5298
1570,,賀,,,,5321
1571,,佐,,,,5323
1572,,崇,,,,5331 5525
1573,,豐,,,,5332
1574,,匹,,,,5335 5547
1575,,孝,,,,5337 6776
1576,,夙,,,,5372
1577,,靈,,,,5379 7296
1578,,字,,,,5384
1579,,呱,,,,5390
1580,,訏,,,,5392 6352
1581,,匐,,,,5394
1582,,嶷,,,,5395
1583,,穟,,,,5399 5399
1584,,幪,,,,5400 5400
1585,,唪,,,,5401 5401
1586,,秀,,,,5408
1587,,秠,,,,5413 5415
1588,,負,,,,5418
1589,,揄,,,,5421
1590,,蹂,,,,5422
1591,,叟,,,,5423 5423
1592,,惟,,,,5425
1593,,軷,,,,5427
1594,,歆,,,,5433
1595,,爾,,,,5443
1596,,斝,,,,5449
1597,,臄,,,,5452
1598,,咢,,,,5453
1599,,堅,,,,5454
1600,,鈞,,,,5455
1601,,句,,,,5458
1602,,鍭,,,,5459
1603,,主,,,,5462 5645
1604,,醹,,,,5463
1605,,斗,,,,5464
1606,,祺,,,,5468
1607,,融,,,,5478
1608,,終,,,,5479
1609,,俶,,,,5480
1610,,匱,,,,5488
1611,,類,,,,5489 5820 6069 6509
1612,,壼,,,,5491
1613,,胤,,,,5493
1614,,涇,,,,5502
1615,,馨,,,,5505 6841
1616,,沙,,,,5508
1617,,脯,,,,5517
1618,,潀,,,,5520
1619,,宗,,,,5521 5522 5595 6107
1620,,亹,,,,5526
1621,,熏,,,,5527 5527 6137
1622,,欣,,,,5528 5528
1623,,芬,,,,5529 5529
1624,,綱,,,,5549 5660
1625,,糧,,,,5560 5603
1626,,囊,,,,5561
1627,,繁,,,,5568
1628,,宣,,,,5569 6179 6396
1629,,巘,,,,5571
1630,,曹,,,,5591
1631,,牢,,,,5592
1632,,匏,,,,5593
1633,,飲,,,,5594
1634,,單,,,,5601
1635,,鍛,,,,5609
1636,,密,,,,5614
1637,,饎,,,,5618
1638,,溉,,,,5628
1639,,酋,,,,5640
1640,,卬,,,,5656 5656
1641,,翽,,,,5662 5662 5668 5668
1642,,藹,,,,5664 5664 5670 5670
1643,,怓,,,,5700
1644,,大,,,,5724 6973 7111
1645,,殘,,,,5728
1646,,綣,,,,5730
1647,,諫,,,,5734 5742
1648,,板,,,,5735
1649,,癉,,,,5736
1650,,亶,,,,5740
1651,,輯,,,,5747
1652,,冾,,,,5748
1653,,寮,,,,5752
1654,,蕘,,,,5758
1655,,蹻,,,,5762 5762 6202 6978 6979 6979
1656,,耄,,,,5763 5969
1657,,熇,,,,5765 5765
1658,,懠,,,,5767
1659,,屎,,,,5771
1660,,資,,,,5773
1661,,圭,,,,5777
1662,,攜,,,,5778
1663,,藩,,,,5783
1664,,壞,,,,5791
1665,,豫,,,,5794
1666,,諶,,,,5807
1667,,懟,,,,5821
1668,,內,,,,5823
1669,,卿,,,,5833
1670,,呼,,,,5840
1671,,螗,,,,5844
1672,,羹,,,,5845 7086
1673,,舊,,,,5853 6571
1674,,刑,,,,5855 5889 6604
1675,,傾,,,,5857 6487
1676,,撥,,,,5863 7226
1677,,愚,,,,5869
1678,,訓,,,,5875 6602
1679,,尚,,,,5890
1680,,漏,,,,5924
1681,,覯,,,,5926
1682,,藐,,,,5965 5965
1683,,旬,,,,5981
1684,,劉,,,,5982
1685,,填,,,,5985
1686,,泯,,,,5991
1687,,黎,,,,5992
1688,,燼,,,,5993
1689,,頻,,,,5995
1690,,往,,,,5999
1691,,競,,,,6001
1692,,梗,,,,6003
1693,,辰,,,,6006
1694,,痻,,,,6010
1695,,圉,,,,6011 6709
1696,,毖,,,,6012
1697,,削,,,,6013
1698,,熱,,,,6016
1699,,溺,,,,6019
1700,,僾,,,,6021
1701,,逮,,,,6023
1702,,寶,,,,6026 6209
1703,,腸,,,,6042
1704,,譖,,,,6046
1705,,忌,,,,6055 6507
1706,,迪,,,,6057
1707,,垢,,,,6067
1708,,隧,,,,6068
1709,,悖,,,,6073
1710,,詈,,,,6089
1711,,牲,,,,6099
1712,,推,,,,6113
1713,,助,,,,6129 6281
1714,,川,,,,6133
1715,,焚,,,,6135
1716,,遯,,,,6141
1717,,贏,,,,6165
1718,,神,,,,6174
1719,,蕃,,,,6178
1720,,郿,,,,6213
1721,,粻,,,,6218
1722,,番,,,,6220 6220
1723,,嘽,,,,6222 6222 6451 6451
1724,,賦,,,,6251
1725,,吐,,,,6270 6273
1726,,補,,,,6283
1727,,鏘,,,,6289 6289 6341
1728,,齊,,,,6294 7234
1729,,解,,,,6306 7073 7286
1730,,鍚,,,,6320
1731,,幭,,,,6321
1732,,厄,,,,6322
1733,,屠,,,,6324
1734,,到,,,,6348
1735,,噳,,,,6354 6354
1736,,完,,,,6360
1737,,蠻,,,,6362
1738,,貊,,,,6364 7127
1739,,壑,,,,6367
1740,,藉,,,,6368
1741,,舒,,,,6377
1742,,洸,,,,6380 6380
1743,,浦,,,,6431 6449
1744,,緒,,,,6434 7047 7053 7274
1745,,騷,,,,6439
1746,,霆,,,,6441
1747,,虜,,,,6448
1748,,塞,,,,6460
1749,,奪,,,,6481
1750,,鴟,,,,6489
1751,,寺,,,,6495
1752,,倍,,,,6500
1753,,織,,,,6503
1754,,狄,,,,6506
1755,,罔,,,,6512 6516
1756,,優,,,,6513 7245 7245
1757,,深,,,,6521
1758,,鞏,,,,6527
1759,,訌,,,,6536
1760,,玷,,,,6542
1761,,貶,,,,6545
1762,,替,,,,6556
1763,,竭,,,,6558 6560
1764,,弘,,,,6563
1765,,禋,,,,6590
1766,,禎,,,,6592
1767,,穰,,,,6654 6654 7191 7191
1768,,簡,,,,6655 6655
1769,,工,,,,6667
1770,,稌,,,,6698
1771,,秭,,,,6700 6835
1772,,妣,,,,6702 6837
1773,,皆,,,,6704
1774,,瞽,,,,6705
1775,,鮪,,,,6719
1776,,肅,,,,6724 6724
1777,,穆,,,,6726 6726
1778,,后,,,,6732
1779,,鶬,,,,6743 7187 7187
1780,,嘏,,,,6752 7132
1781,,追,,,,6761
1782,,敬,,,,6780
1783,,鳥,,,,6812
1784,,蓼,,,,6814 6855
1785,,柞,,,,6815
1786,,耘,,,,6817
1787,,畛,,,,6818
1788,,傑,,,,6830
1789,,香,,,,6839
1790,,趙,,,,6854
1791,,朽,,,,6856
1792,,挃,,,,6858 6858
1793,,櫛,,,,6861
1794,,紑,,,,6869
1795,,俅,,,,6870 6870
1796,,鼒,,,,6873
1797,,駓,,,,6919
1798,,伾,,,,6921 6921
1799,,雒,,,,6928
1800,,繹,,,,6929 6929 7124
1801,,才,,,,6931
1802,,騢,,,,6935
1803,,祛,,,,6937 6937
1804,,徂,,,,6939
1805,,駽,,,,6959
1806,,燕,,,,6961
1807,,始,,,,6962
1808,,茷,,,,6971 6971
1809,,茆,,,,6984
1810,,馘,,,,7004
1811,,囚,,,,7006
1812,,搜,,,,7016
1813,,逆,,,,7020
1814,,黮,,,,7025
1815,,琛,,,,7028
1816,,金,,,,7030
1817,,秬,,,,7045
1818,,魯,,,,7062 7133
1819,,犧,,,,7077
1820,,乘,,,,7098 7208
1821,,綅,,,,7102
1822,,蒙,,,,7117
1823,,諾,,,,7130
1824,,尺,,,,7145
1825,,假,,,,7156
1826,,昔,,,,7168
1827,,恪,,,,7171
1828,,芒,,,,7198 7198 7220 7220
1829,,越,,,,7229
1830,,截,,,,7232 7260
1831,,遟,,,,7235 7237
1832,,祗,,,,7238
1833,,圍,,,,7239
1834,,球,,,,7240
1835,,旒,,,,7241
1836,,絿,,,,7243
1837,,厖,,,,7248
1838,,動,,,,7251
1839,,竦,,,,7252
1840,,鉞,,,,7255
1841,,曷,,,,7257
1842,,櫱,,,,7258
1843,,羌,,,,7278
1844,,嚴,,,,7288
1845,,濫,,,,7289
1846,,丸,,,,7300 7300
1847,,虔,,,,7302
1848,,梴,,,,7303
